{
    "document": {
        "type": "APL",
        "version": "1.8",
        "license": "Copyright 2021 Amazon.com, Inc. or its affiliates. All Rights Reserved.\nSPDX-License-Identifier: LicenseRef-.amazon.com.-AmznSL-1.0\nLicensed under the Amazon Software License  http://aws.amazon.com/asl/",
        "import": [
            {
                "name": "alexa-layouts",
                "version": "1.4.0"
            }
        ],
        "mainTemplate": {
            "parameters": [
                "payload"
            ],
            "item": [
                {
                    "type": "Container",
                    "height": "100vh",
                    "items": [
                        {
                            "type": "AlexaBackground",
                            "backgroundImageSource": "${payload.imageTemplateData.properties.backgroundImage.sources[0].url}",
                            "backgroundBlur": false,
                            "backgroundScale": "best-fill"
                        },
                        {
                            "type": "Container",
                            "height": "100vh",
                            "width": "100vw",
                            "items": [
                                {
                                    "type": "AlexaHeader",
                                    "headerTitle": "${payload.imageTemplateData.properties.title}",
                                    "headerAttributionImage": "${payload.imageTemplateData.properties.logoUrl}",
                                    "headerDivider": false
                                },
                                {
                                    "type": "Container",
                                    "width": "100%",
                                    "height": "70%",
                                    "justifyContent": "top",
                                    "alignItems": "center",
                                    "paddingLeft": "@marginHorizontal",
                                    "paddingRight": "@marginHorizontal",
                                    "items": [
                                        {
                                            "type": "AlexaImage",
                                            "imageSource": "${payload.imageTemplateData.properties.image.sources[0].url}",
                                            "imageRoundedCorner": true,
                                            "imageScale": "best-fill",
                                            "imageAlignment": "center",
                                            "imageWidth": "${@viewportProfile == @hubRoundSmall ? '70%' : '100%'}",
                                            "imageAspectRatio": "${@viewportProfile == @hubRoundSmall ? 'square' : 'standard_landscape'}",
                                            "imageBlurredBackground": false,
                                            "grow": "${@viewportProfile == @hubRoundSmall ? 0 : 1}"
                                        }
                                    ]
                                }
                            ]
                        }
                    ]
                }
            ]
        }
    },
    "datasources": {
        "imageTemplateData": {
            "type": "object",
            "objectId": "imageSample",
            "properties": {
                "backgroundImage": {
                    "contentDescription": null,
                    "smallSourceUrl": null,
                    "largeSourceUrl": null,
                    "sources": [
                        {
                            "url": "https://d3gjzbiiz7ab7p.cloudfront.net/image_files/alexa-big-screen_new2.png",
                            "size": "large"
                        }
                    ]
                },
                "image": {
                    "contentDescription": null,
                    "smallSourceUrl": null,
                    "largeSourceUrl": null,
                    "sources": [
                        {
                            "url": "",
                            "size": "large"
                        }
                    ]
                },
                "title": "",
                "logoUrl": ""
            }
        }
    },
    "sources": {}
}