{
    "document": {
        "type": "APL",
        "version": "1.8",
        "license": "Copyright 2021 Amazon.com, Inc. or its affiliates. All Rights Reserved.\nSPDX-License-Identifier: LicenseRef-.amazon.com.-AmznSL-1.0\nLicensed under the Amazon Software License  http://aws.amazon.com/asl/",
        "theme": "dark",
        "import": [
            {
                "name": "alexa-layouts",
                "version": "1.4.0"
            }
        ],
        "layouts": {
            "AlexaImageList": {
                "parameters": [
                    {
                        "name": "theme",
                        "description": "Colors will be swiched depend on the specified theme (light/dark). Default to dark theme",
                        "type": "string",
                        "default": "dark"
                    },
                    {
                        "name": "headerAttributionOpacity",
                        "type": "number",
                        "default": "${@viewportProfileCategory == @hubRound ? 1 : @opacitySecondary}"
                    },
                    {
                        "name": "headerTitle",
                        "description": "Primary text to render in header.",
                        "type": "string"
                    },
                    {
                        "name": "headerAttributionText",
                        "description": "Attribution text to render in header. Only shown when no headerAttributionImage is provided, and when headerAttributionPrimacy is true, or on a device that shows Title/Subtitle and Attribution.",
                        "type": "string"
                    },
                    {
                        "name": "headerAttributionImage",
                        "description": "URL for attribution image source. Only shown when headerAttributionPrimacy is true, or on a device that shows Title/Subtitle and Attribution.",
                        "type": "string"
                    },
                    {
                        "name": "headerAttributionPrimacy",
                        "description": "On devices that can only display one element due to screen size, Attribution is prioritized. Setting False displays Title/Subtitle.  Defaults to true.",
                        "type": "boolean",
                        "default": true
                    },
                    {
                        "name": "headerDivider",
                        "description": "Toggle to display the divider that appears at the bottom of header to help separate it from the content below. Default to false",
                        "type": "boolean",
                        "default": false
                    },
                    {
                        "name": "headerBackButton",
                        "description": "Toggle to display back button in header. Defaults to false.",
                        "type": "boolean",
                        "default": false
                    },
                    {
                        "name": "headerBackButtonAccessibilityLabel",
                        "description": "An accessibility label to describe the back button to customers who use a screen reader.",
                        "type": "string"
                    },
                    {
                        "name": "headerBackButtonCommand",
                        "description": "Command that is issued when back button is pressed.",
                        "type": "any",
                        "default": {
                            "type": "SendEvent",
                            "arguments": [
                                "goBack"
                            ]
                        }
                    },
                    {
                        "name": "headerBackgroundColor",
                        "description": "Optional color value to use as background color for Header. Defaults to transparent.",
                        "type": "color",
                        "default": "transparent"
                    },
                    {
                        "name": "hintText",
                        "type": "string",
                        "description": "Hint text to display in Footer."
                    },
                    {
                        "name": "backgroundColor",
                        "description": "Color value to use as background color for layout.",
                        "type": "color"
                    },
                    {
                        "name": "backgroundImageSource",
                        "description": "URL for background image source.",
                        "type": "string"
                    },
                    {
                        "name": "backgroundVideoSource",
                        "description": "URL for background video source.",
                        "type": "any"
                    },
                    {
                        "name": "backgroundScale",
                        "description": "Image/video scale to apply to background image/video. Defaults to best-fill.",
                        "type": "string",
                        "default": "best-fill"
                    },
                    {
                        "name": "backgroundAlign",
                        "description": "Image/video alignment to apply to background image/video. Defaults to center.",
                        "type": "string",
                        "align": "center"
                    },
                    {
                        "name": "backgroundBlur",
                        "description": "Toggle to apply background blur. Defaults to false.",
                        "type": "boolean",
                        "default": false
                    },
                    {
                        "name": "backgroundColorOverlay",
                        "description": "Toggle to apply overlay scrim to background image/video. Defaults to false.",
                        "type": "boolean",
                        "default": false
                    },
                    {
                        "name": "backgroundOverlayGradient",
                        "description": "Toggle to apply gradient to background image/video. Defaults to false.",
                        "type": "boolean",
                        "default": false
                    },
                    {
                        "name": "videoAutoPlay",
                        "description": "Toggle to autoplay background video(s). Defaults to false.",
                        "type": "boolean",
                        "default": false
                    },
                    {
                        "name": "videoAudioTrack",
                        "description": "Audio track to play on. Defaults to foreground. EM can select foreground | background | none.",
                        "type": "string",
                        "default": "foreground"
                    },
                    {
                        "name": "listItems",
                        "description": "The Items will be displayed in the list.",
                        "type": "array"
                    },
                    {
                        "name": "imageMetadataPrimacy",
                        "description": "ImageMetadataPrimacy on devices that can only display one element due to screen size, Image's secondary and tertiary text is prioritized over hint text. Setting false displays hint text. Defaults to true",
                        "type": "boolean",
                        "default": true
                    },
                    {
                        "name": "hideOrdinal",
                        "description": "Toggle to hide ordinal in list item. Defaults to false.",
                        "type": "boolean",
                        "default": false
                    },
                    {
                        "name": "imageHideScrim",
                        "description": "Toggle to hide the overlay (scrim) between image and content to increase content readability. Defaults to false.",
                        "type": "boolean",
                        "default": false
                    },
                    {
                        "name": "imageHeight",
                        "description": "Dimension value to set image height",
                        "type": "dimension"
                    },
                    {
                        "name": "imageAspectRatio",
                        "description": "Aspect ratio of the image. Options are square, round, standard_landscape, standard_portrait, poster_landscape, poster_portrait, widescreen. Default to square",
                        "type": "string",
                        "default": "square"
                    },
                    {
                        "name": "imageScale",
                        "description": "Scale setting for the image. Options are none, fill, best-fit, best-fill, best-fit-down. Default to best-fit",
                        "type": "string",
                        "default": "best-fit"
                    },
                    {
                        "name": "imageAlignment",
                        "description": "Alignment setting for the image. Options are bottom, bottom-left, bottom-right, center, left, right, top, top-left, top-right. Default to center",
                        "type": "string",
                        "default": "center"
                    },
                    {
                        "name": "imageRoundedCorner",
                        "description": "Whether to use rounded corners for the image",
                        "type": "boolean",
                        "default": true
                    },
                    {
                        "name": "imageBlurredBackground",
                        "description": "Set a blurred version of the image to appear behind the image to create a visually consistent container size",
                        "type": "boolean",
                        "default": false
                    },
                    {
                        "name": "imageShowProgressBar",
                        "description": "Toggle to display the progress bar on the image overlay. The progress bar will be displayed if imageProgressBarPercentage parameter is defined. Defaults to true.",
                        "type": "boolean",
                        "default": true
                    },
                    {
                        "name": "defaultImageSource",
                        "description": "URI for the default image on the list item so the image containers are never empty",
                        "type": "string"
                    },
                    {
                        "name": "primaryAction",
                        "description": "The action that is triggered when the item is selected.",
                        "type": "any"
                    },
                    {
                        "name": "entities",
                        "description": "Array of entity data bind to this layout",
                        "type": "any"
                    },
                    {
                        "name": "listId",
                        "type": "string",
                        "default": "AlexaImageListSequence",
                        "description": "The component id for the scrolling list in this layout"
                    },
                    {
                        "name": "speechItems",
                        "description": "Array of speech items",
                        "type": "any"
                    },
                    {
                        "name": "imageShadow",
                        "description": "Boolean to turn the drop shadow on or off on the image",
                        "type": "boolean",
                        "default": true
                    },
                    {
                        "name": "layoutDirection",
                        "description": "The layoutDirection of AlexaImageList. It can be LTR or RTL. By default, it uses environment layoutDirection.",
                        "type": "string",
                        "default": "${environment.layoutDirection}"
                    },
                    {
                        "name": "lang",
                        "description": "The lang property of AlexaImageList. Set the lang property to a BCP-47 string (e.g., en-US). By default, it uses environment lang.",
                        "type": "string",
                        "default": "${environment.lang}"
                    }
                ],
                "items": [
                    {
                        "type": "Container",
                        "width": "100%",
                        "height": "100%",
                        "entities": "${entities}",
                        "layoutDirection": "${layoutDirection}",
                        "items": [
                            {
                                "type": "AlexaBackground",
                                "backgroundColor": "${backgroundColor}",
                                "backgroundImageSource": "${backgroundImageSource}",
                                "backgroundVideoSource": "${backgroundVideoSource}",
                                "backgroundScale": "${backgroundScale}",
                                "backgroundAlign": "${backgroundAlign}",
                                "backgroundBlur": "${backgroundBlur}",
                                "colorOverlay": "${backgroundColorOverlay}",
                                "overlayGradient": "${backgroundOverlayGradient}",
                                "videoAutoPlay": "${backgroundVideoAutoPlay}",
                                "videoAudioTrack": "${backgroundVideoAudioTrack}"
                            },
                            {
                                "type": "AlexaHeader",
                                "position": "${@viewportProfile == @tvLandscapeOverlay ? 'absolute' : 'relative'}",
                                "width": "100%",
                                "theme": "${theme}",
                                "headerTitle": "${headerTitle}",
                                "headerSubtitle": "${headerSubtitle}",
                                "headerAttributionText": "${headerAttributionText}",
                                "headerAttributionImage": "${headerAttributionImage}",
                                "headerAttributionPrimacy": "${headerAttributionPrimacy}",
                                "headerDivider": "${headerDivider && @viewportProfile != @tvLandscapeOverlay}",
                                "headerBackButton": "${headerBackButton}",
                                "headerBackButtonCommand": "${headerBackButtonCommand}",
                                "headerBackgroundColor": "${headerBackgroundColor}",
                                "headerAttributionOpacity": "${headerAttributionOpacity}",
                                "layoutDirection": "${layoutDirection}"
                            },
                            {
                                "type": "Container",
                                "height": "100vh",
                                "justifyContent": "@imageListJustifyContent",
                                "top": "${@viewportProfile == @tvLandscapeOverlay ? '42dp' : 'auto'}",
                                "width": "100%",
                                "shrink": "1",
                                "paddingBottom": "0",
                                "items": [
                                    {
                                        "type": "Sequence",
                                        "alignSelf": "center",
                                        "data": "${listItems}",
                                        "id": "${listId}",
                                        "scrollDirection": "@imageListScrollDirection",
                                        "paddingLeft": "@imageListPaddingLeft",
                                        "paddingRight": "@imageListPaddingRight",
                                        "paddingTop": "@imageListPaddingTop",
                                        "width": "100%",
                                        "height": "auto",
                                        "shrink": "1",
                                        "numbered": true,
                                        "item": [
                                            {
                                                "type": "AlexaImageListItem",
                                                "theme": "${theme}",
                                                "accessibilityLabel": "${data.accessibilityLabel}",
                                                "imageAltText": "${data.imageAltText}",
                                                "hideOrdinal": "${hideOrdinal}",
                                                "primaryText": "${data.primaryText}",
                                                "secondaryText": "${data.secondaryText}",
                                                "tertiaryText": "${data.tertiaryText}",
                                                "ratingSlotMode": "${data.ratingSlotMode}",
                                                "ratingGraphicType": "${data.ratingGraphicType}",
                                                "singleRatingGraphicWidth": "${data.singleRatingGraphicWidth}",
                                                "ratingNumber": "${data.ratingNumber}",
                                                "singleRatingGraphic": "${data.singleRatingGraphic}",
                                                "fullRatingGraphic": "${data.fullRatingGraphic}",
                                                "halfRatingGraphic": "${data.halfRatingGraphic}",
                                                "emptyRatingGraphic": "${data.emptyRatingGraphic}",
                                                "ratingText": "${data.ratingText}",
                                                "hasPlayIcon": "${data.hasPlayIcon}",
                                                "providerText": "${data.providerText}",
                                                "imageSource": "${data.imageSource ? data.imageSource : defaultImageSource}",
                                                "imageProgressBarPercentage": "${data.imageProgressBarPercentage}",
                                                "imageShowProgressBar": "${data.imageShowProgressBar ? data.imageShowProgressBar : imageShowProgressBar}",
                                                "imageHideScrim": "${data.imageHideScrim ? data.imageHideScrim : imageHideScrim}",
                                                "imageRoundedCorner": "${data.imageRoundedCorner ? data.imageRoundedCorner : imageRoundedCorner}",
                                                "imageScale": "${data.imageScale ? data.imageScale : imageScale}",
                                                "imageAlignment": "${data.imageAlignment ? data.imageAlignment : imageAlignment}",
                                                "imageAspectRatio": "${imageAspectRatio}",
                                                "imageHeight": "${imageHeight}",
                                                "imageBlurredBackground": "${data.imageBlurredBackground ? data.imageBlurredBackground : imageBlurredBackground}",
                                                "disabled": "${data.disabled}",
                                                "imageMetadataPrimacy": "${imageMetadataPrimacy}",
                                                "imageShadow": "${data.imageShadow ? data.imageShadow : imageShadow}",
                                                "primaryAction": "${data.primaryAction ? data.primaryAction : primaryAction}",
                                                "speech": "${speechItems[index].speech}",
                                                "entities": "${data.entities ? data.entities : entities}",
                                                "contentDirection": "${@viewportProfile == @tvLandscapeOverlay || @viewportProfile == @hubPortraitMedium || (@viewportProfileGroup == @mobile && @viewportOrientation == @viewportOrientationPortrait) ? 'row' : 'column'}",
                                                "layoutDirection": "${layoutDirection}"
                                            }
                                        ]
                                    }
                                ]
                            },
                            {
                                "when": "${hintText && (@viewportProfile == @hubLandscapeMedium || @viewportProfile == @hubLandscapeLarge || @viewportProfile == @tvLandscapeXLarge || (!imageMetadataPrimacy && @viewportProfile == @hubLandscapeSmall))}",
                                "theme": "${theme}",
                                "type": "AlexaFooter",
                                "hintText": "${hintText}",
                                "lang": "${lang}"
                            }
                        ]
                    }
                ]
            }
        },
        "mainTemplate": {
            "parameters": [
                "payload"
            ],
            "items": [
                {
                    "type": "AlexaImageList",
                    "id": "deityList",
                    "headerTitle": "${payload.imageListData.title}",
                    "headerBackButton": false,
                    "headerDivider": false,
                    "headerAttributionImage": "${payload.imageListData.logoUrl}",
                    "backgroundImageSource": "${payload.imageListData.backgroundImage.sources[0].url}",
                    "backgroundBlur": false,
                    "backgroundColorOverlay": false,
                    "imageAspectRatio": "square",
                    "imageMetadataPrimacy": true,
                    "imageScale": "best-fill",
                    "listItems": "${payload.imageListData.listItems}",
                    "hintText": "कोशिश करे, \"Alexa, प्ले ${payload.imageListData.listItems[Math.floor(Math.random()*9)].primaryText}\" ",
                    "theme": "light"
                }
            ]
        }
    },
    "datasources": {
        "imageListData": {
            "type": "object",
            "objectId": "imageListSample",
            "backgroundImage": {
                "contentDescription": null,
                "smallSourceUrl": null,
                "largeSourceUrl": null,
                "sources": [
                    {
                        "url": "https://d2o906d8ln7ui1.cloudfront.net/images/templates_v3/gridlist/GridListBackground_Light.png",
                        "size": "large"
                    }
                ]
            },
            "title": "मंदिरों की सूची",
            "listItems": [
                {
                    "primaryText": "प्रति शिर्डी साईबाबा",
                    "imageSource": "https://d3gjzbiiz7ab7p.cloudfront.net/image_files/new_Prati-Shirdi.png",
                    "primaryAction": [
                        {
                            "type": "SetValue",
                            "componentId": "deityList",
                            "property": "headerTitle",
                            "value": "${payload.imageListData.listItems[0].primaryText} is selected"
                        },
                        {
                            "type": "SendEvent",
                            "arguments":["sai"]
                        }
                    ]
                },
                {
                    "primaryText": "बाबुलनाथ, मुंबई",
                    "imageSource": "https://d3gjzbiiz7ab7p.cloudfront.net/image_files/new_Babulnath.png",
                    "primaryAction": [
                        {
                            "type": "SetValue",
                            "componentId": "deityList",
                            "property": "headerTitle",
                            "value": "${payload.imageListData.listItems[1].primaryText} is selected"
                        },
                        {
                            "type": "SendEvent",
                            "arguments":["shiv"]
                        }
                    ]
                },
                {
                    "primaryText": "श्री विघ्नेश्वर, ओजारी",
                    "imageSource": "https://d3gjzbiiz7ab7p.cloudfront.net/image_files/new_Shri-Vigneshwar.png",
                    "primaryAction": [
                        {
                            "type": "SetValue",
                            "componentId": "deityList",
                            "property": "headerTitle",
                            "value": "${payload.imageListData.listItems[2].primaryText} is selected"
                        },
                        {
                            "type": "SendEvent",
                            "arguments":["ganesh"]
                        }
                    ]
                },
                {
                    "primaryText": "इस्कॉन, गिरगांव",
                    "imageSource": "https://d3gjzbiiz7ab7p.cloudfront.net/image_files/new_ISKCON-Girgaon.png",
                    "primaryAction": [
                        {
                            "type": "SetValue",
                            "componentId": "deityList",
                            "property": "headerTitle",
                            "value": "${payload.imageListData.listItems[3].primaryText} is selected"
                        },
                        {
                            "type": "SendEvent",
                            "arguments":["krishna"]
                        }
                    ]
                },
                {
                    "primaryText": "इच्छा पूरण बालाजी",
                    "imageSource": "https://d3gjzbiiz7ab7p.cloudfront.net/image_files/new_Iccha-Puran-Balaji.png",
                    "primaryAction": [
                        {
                            "type": "SetValue",
                            "componentId": "deityList",
                            "property": "headerTitle",
                            "value": "${payload.imageListData.listItems[4].primaryText} is selected"
                        },
                        {
                            "type": "SendEvent",
                            "arguments":["balaji"]
                        }
                    ]
                },
                {
                    "primaryText": "माँ महालक्ष्मी",
                    "imageSource": "https://d3gjzbiiz7ab7p.cloudfront.net/image_files/new_Maa-Mahalaxmi.png",
                    "primaryAction": [
                        {
                            "type": "SetValue",
                            "componentId": "deityList",
                            "property": "headerTitle",
                            "value": "${payload.imageListData.listItems[5].primaryText} is selected"
                        },
                        {
                            "type": "SendEvent",
                            "arguments":["lakshmi"]
                        }
                    ]
                },
                {
                    "primaryText": "श्री शनि शिंगणापुर",
                    "imageSource": "https://d3gjzbiiz7ab7p.cloudfront.net/image_files/new_Shani-Shingnapur.png",
                    "primaryAction": [
                        {
                            "type": "SetValue",
                            "componentId": "deityList",
                            "property": "headerTitle",
                            "value": "${payload.imageListData.listItems[6].primaryText} is selected"
                        },
                        {
                            "type": "SendEvent",
                            "arguments":["shani"]
                        }
                    ]
                },
                {
                    "primaryText": "गंगा दर्शन, वाराणसी",
                    "imageSource": "https://d3gjzbiiz7ab7p.cloudfront.net/image_files/new_Ganga-Darshan-Varanasi.png",
                    "primaryAction": [
                        {
                            "type": "SetValue",
                            "componentId": "deityList",
                            "property": "headerTitle",
                            "value": "${payload.imageListData.listItems[7].primaryText} is selected"
                        },
                        {
                            "type": "SendEvent",
                            "arguments":["ganga"]
                        }
                    ]
                },
                {
                    "primaryText": "महागणपति, रांजणगांव",
                    "imageSource": "https://d3gjzbiiz7ab7p.cloudfront.net/image_files/new_Mahaganpati.png",
                    "primaryAction": [
                        {
                            "type": "SetValue",
                            "componentId": "deityList",
                            "property": "headerTitle",
                            "value": "${payload.imageListData.listItems[8].primaryText} is selected"
                        },
                        {
                            "type": "SendEvent",
                            "arguments":["ganpati"]
                        }
                    ]
                }
            ],
            "logoUrl": "https://d3gjzbiiz7ab7p.cloudfront.net/image_files/55.png",
            "hintText": "Try, \"Alexa, select number 1\""
        }
    },
    "sources": {}
}