{
    "document": {
		"type": "APL",
		"version": "1.1",
		"theme": "dark",
		"import": [
			{
				"name": "alexa-layouts",
				"version": "1.1.0"
			}
		],
		"mainTemplate": {
			"parameters": [
				"payload"
			],
			"items": [
				{
					"type": "Container",
					"direction": "column",
					"height": "100vh",
					"width": "100vw",					
					"items": [
						{
							"type": "Video",
							"height": "100%",
							"width": "100%",
							"autoplay": true,
							"audioTrack": "foreground",
							"id": "VideoPlayer",
							"source": "${payload.videoTemplateData.videoUrl[0].url}",
							"onEnd": [
								{ 
									"type": "SendEvent",
									"arguments": [
										"video_finished"
									  ]
								}
							]
						},
						{
							"type": "Container",
							"alignItems": "center",
							"item": {
								"primaryControlSize": 100,
								"secondaryControlSize": 0,
								"mediaComponentId": "VideoPlayer",
								"type": "AlexaTransportControls"
							},
							"width": "100%",
							"height": "100%",
							"justifyContent": "center",
							"opacity": "0.3",
							"position": "absolute",
							"left": "0",
							"top": "0",
							"backgroundColor": "#e30000"
						}								
					]
				}
			]
		}
	},
	"datasources": {
	}
}